{"cameraMode":{"drawMode":0,"name":"Shaded","section":"Shading Mode"},"sceneLighting":true,"audioPlay":false,"sceneViewState":{"showFog":true,"showMaterialUpdate":false,"showSkybox":true,"showFlares":true,"showImageEffects":true,"showParticleSystems":true},"in2DMode":false,"pivot":{"x":107.25103759765625,"y":100.03407287597656,"z":241.98614501953126},"rotation":{"x":0.08260002732276917,"y":-0.734694242477417,"z":0.09073404222726822,"w":0.6673317551612854},"size":861.0478515625,"orthographic":false}