{"cameraMode":{"drawMode":0,"name":"Shaded","section":"Shading Mode"},"sceneLighting":true,"audioPlay":false,"sceneViewState":{"showFog":true,"showMaterialUpdate":false,"showSkybox":true,"showFlares":true,"showImageEffects":true,"showParticleSystems":true},"in2DMode":false,"pivot":{"x":2.1954092979431154,"y":23.654949188232423,"z":229.89572143554688},"rotation":{"x":-0.03378590568900108,"y":-0.07964881509542465,"z":0.0027079982683062555,"w":-0.9963260293006897},"size":86.5541000366211,"orthographic":false}